Address,Price,Beds,Baths,SqFt,Latitude,Longitude,Property Type,Year Built,Amenities,Cluster_ID,Neighborhood,Listing ID,Address 2,City,State,Zip,Formatted Address
9036 Charlotte Ct,1995,3.0,2.0,1250.0,42.2045442,-83.5810972,Condo,,,2,Gault Village,,,Ypsilanti,MI,,
1062 Rambling Rd,1650,3.0,1.0,1280.0,42.255898,-83.589306,Single Family,,,7,West Willow,,,Ypsilanti,MI,,
410 Olive St,1500,3.0,1.0,872.0,42.247555,-83.617996,Condo,,,0,Midtown,,,Ypsilanti,MI,,
505 Washtenaw Ave,2370,6.0,2.0,1729.0,42.243362,-83.619588,Single Family,,,0,Midtown,,,Ypsilanti,MI,,
641 N Miami Ave,1775,3.0,1.0,,42.248754,-83.584845,Single Family,,,7,West Willow,,,Ypsilanti,MI,,
207 Ballard St,1550,2.0,1.5,980.0,42.243885,-83.619558,Single Family,,,0,Midtown,,,Ypsilanti,MI,,
771 Eugene Ave,1695,3.0,1.5,1008.0,42.233291,-83.570936,Single Family,,,7,West Willow,,,Ypsilanti,MI,,
212 Ballard St,2280,4.0,1.0,1246.0,42.244319,-83.618835,Single Family,1920.0,,0,Midtown,,,Ypsilanti,MI,,
3152 Torrent Ln,2200,3.0,2.5,1283.0,42.198195,-83.696623,Single Family,2005.0,,3,Pittsfield Charter Township,,,Ypsilanti,MI,,
1002 Washtenaw Ave,800,1.0,1.0,1000.0,42.246567,-83.629433,Apartment,,,0,Midtown,,,Ypsilanti,MI,,
1932 Washtenaw Ave,1250,2.0,2.0,980.0,42.248491,-83.642992,Apartment,,,1,Westlawn,,,Ypsilanti,MI,,
1932 1932 Washtenaw Ave,1250,2.0,2.0,980.0,42.248398,-83.642967,Apartment,,,1,Westlawn,,,Ypsilanti,MI,,
3329 Maple Dr,3400,3.0,1.5,1800.0,42.239826,-83.662953,Single Family,1976.0,,1,Westlawn,,,Ypsilanti,MI,,
400 N River St,1625,1.0,1.0,815.0,42.246201,-83.607941,Apartment,2019.0,,5,Miles/Garland,,,Ypsilanti,MI,,
509 W Forest Ave,1200,1.0,1.0,640.0,42.24802,-83.61931,Apartment,,,0,Midtown,,,Ypsilanti,MI,,
5813 Rothbury Ct,2300,3.0,1.5,1726.0,42.203928,-83.672883,Single Family,,,3,Pittsfield Charter Township,,,Ypsilanti,MI,,
731 Redwood Ave N Unit B,1600,2.0,1.0,900.0,42.250439,-83.591782,Multi-Family,,,5,Miles/Garland,,,Ypsilanti,MI,,
410 Washtenaw Rooms Ave,695,3.0,1.0,1200.0,42.243824,-83.61824,Apartment,,,0,Midtown,,,Ypsilanti,MI,,
2500 Lakeshore Blvd,850,0.0,1.0,555.0,42.21411,-83.5653,Apartment,1969.0,,2,Gault Village,,,Ypsilanti,MI,,
1428 Village Ln,1025,1.0,1.0,700.0,42.22812,-83.58213,Apartment,1969.0,,2,Gault Village,,,Ypsilanti,MI,,
712 Washtenaw Ave,1250,2.0,1.0,460.0,42.244704,-83.622632,Apartment,,,0,Midtown,,,Ypsilanti,MI,,
210 Perrin St,2200,3.0,2.0,,42.244297,-83.620202,Apartment,,,0,Midtown,,,Ypsilanti,MI,,
11 N Normal St,1375,4.0,1.0,1200.0,42.241609,-83.623585,Apartment,,,0,Midtown,,,Ypsilanti,MI,,
105 N Hamilton St,1000,2.0,1.0,,42.242561,-83.617882,Apartment,,,0,Midtown,,,Ypsilanti,MI,,
11 S Summit St,2195,4.0,1.5,,42.240322,-83.624336,Single Family,,,0,Midtown,,,Ypsilanti,MI,,
202 N Normal St,1000,2.0,1.0,,42.243694,-83.623009,Apartment,,,0,Midtown,,,Ypsilanti,MI,,
219 N Huron St,1075,2.0,1.0,,42.244663,-83.61351,Apartment,,,0,Midtown,,,Ypsilanti,MI,,
422 Pearl St,1100,2.0,1.0,,42.242347,-83.618873,Apartment,,,0,Midtown,,,Ypsilanti,MI,,
525 N Adams St,1000,1.0,1.0,,42.24847,-83.616524,Apartment,,,0,Midtown,,,Ypsilanti,MI,,
314 Pearl St,1175,2.0,1.0,,42.242428,-83.616898,Apartment,,,0,Midtown,,,Ypsilanti,MI,,
321 E Cross St,945,0.0,1.0,,42.246303,-83.604744,Apartment,1876.0,,5,Miles/Garland,,,Ypsilanti,MI,,
627 N River St,1900,2.0,1.0,850.0,42.249107,-83.608978,Apartment,1870.0,,5,Miles/Garland,,,Ypsilanti,MI,,
144 Ohio St,2300,4.0,2.0,1914.0,42.241919,-83.574028,Single Family,,,7,West Willow,,,Ypsilanti,MI,,
119 College Pl,575,1.0,1.0,,42.242948,-83.622163,Apartment,,,0,Midtown,,,Ypsilanti,MI,,
2 N Huron St,1600,3.0,1.0,,42.241238,-83.612879,Apartment,,,0,Midtown,,,Ypsilanti,MI,,
24 N Huron,1400,3.0,1.0,1500.0,42.241371,-83.612823,Apartment,,,0,Midtown,,,Ypsilanti,MI,,
503 Pearl Rd,575,1.0,1.0,,42.241963,-83.619582,Apartment,,,0,Midtown,,,Ypsilanti,MI,,
627 N River St,1800,2.0,1.0,800.0,42.249107,-83.608978,Apartment,1870.0,,5,Miles/Garland,,,Ypsilanti,MI,,
315 W Cross St,1000,1.0,1.0,650.0,42.245556,-83.617058,Apartment,,,0,Midtown,,,Ypsilanti,MI,,
669 Woburn Dr,1150,1.0,1.0,729.0,42.255426,-83.617056,Apartment,1999.0,,4,Ypsilanti Charter Township,,,Ypsilanti,MI,,
212 Stevens Dr,1049,1.0,1.0,607.0,42.23465,-83.63619,Apartment,1971.0,,0,Midtown,,,Ypsilanti,MI,,
3677 Beech Dr,2700,3.0,2.5,3030.0,42.235357,-83.667014,Single Family,1987.0,,1,Westlawn,,,Ypsilanti,MI,,
211 Ballard St,1225,1.0,1.0,,42.24426,-83.619551,Apartment,1870.0,,0,Midtown,,,Ypsilanti,MI,,
113 N Hamilton St,800,0.0,1.0,,42.242875,-83.617982,Apartment,,,0,Midtown,,,Ypsilanti,MI,,
1425 S Harris Rd,500,1.0,,,42.225349,-83.581964,Apartment,,,2,Gault Village,,,Ypsilanti,MI,,
418 Emmet St,1450,2.0,1.0,,42.244927,-83.618752,Apartment,,,0,Midtown,,,Ypsilanti,MI,,
533 537 West Cross St,1100,1.0,1.0,,42.245564,-83.620338,Apartment,,,0,Midtown,,,Ypsilanti,MI,,
1210 Washtenaw Ave,799,1.0,1.0,1000.0,42.247133,-83.633605,Single Family,,,0,Midtown,,,Ypsilanti,MI,,
703 Washtenaw Rd,650,1.0,1.0,,42.24409,-83.622308,Apartment,,,0,Midtown,,,Ypsilanti,MI,,
159 S Grove St,1450,2.0,1.0,930.0,42.238011,-83.603714,Apartment,,,5,Miles/Garland,,,Ypsilanti,MI,,
2592 Eagles Cir,1700,2.0,2.0,1030.0,42.251945,-83.652962,Condo,2002.0,,1,Westlawn,,,Ypsilanti,MI,,
410 W Forest Ave,800,0.0,1.0,,42.248628,-83.618441,Apartment,,,0,Midtown,,,Ypsilanti,MI,,
118 College Pl,900,2.0,1.0,,42.242893,-83.621514,Apartment,,,0,Midtown,,,Ypsilanti,MI,,
380 N Harris Rd,2100,4.0,2.0,,42.246418,-83.582638,Apartment,,,7,West Willow,,,Ypsilanti,MI,,
108 N Hamilton St,2000,4.0,1.5,,42.24265,-83.617213,Apartment,,,0,Midtown,,,Ypsilanti,MI,,
1276 Hunter Ave,1800,3.0,1.0,864.0,42.257486,-83.583795,Single Family,,,7,West Willow,,,Ypsilanti,MI,,
312 Ballard St,1999,4.0,3.0,1390.0,42.245392,-83.618961,Single Family,1888.0,,0,Midtown,,,Ypsilanti,MI,,
8990 Brookwood St,1023,1.0,1.0,750.0,42.204803,-83.583135,Apartment,1991.0,,2,Gault Village,,,Ypsilanti,MI,,
120 S Prospect St,1150,1.0,1.0,830.0,42.238422,-83.602203,Apartment,,,5,Miles/Garland,,,Ypsilanti,MI,,
201 N Huron St,1000,0.0,1.0,360.0,42.243864,-83.61321,Apartment,,,0,Midtown,,,Ypsilanti,MI,,
422 N Hamilton St,900,1.0,1.0,510.0,42.246925,-83.61689,Apartment,,,0,Midtown,,,Ypsilanti,MI,,
208 W Michigan Ave,1670,2.0,1.0,978.0,42.241299,-83.615005,Condo,1879.0,,0,Midtown,,,Ypsilanti,MI,,
917 W Cross St,1200,2.0,1.0,750.0,42.24535,-83.626122,Apartment,,,0,Midtown,,,Ypsilanti,MI,,
1712 Timber Rdg,805,1.0,1.0,600.0,42.219442,-83.580413,Apartment,1987.0,,2,Gault Village,,,Ypsilanti,MI,,
3932 Cloverlane Dr,1925,2.0,2.5,1200.0,42.220957,-83.677933,Condo,2016.0,,3,Pittsfield Charter Township,,,Ypsilanti,MI,,
413 W Forest Ave,900,1.0,1.0,750.0,42.248046,-83.618235,Apartment,,,0,Midtown,,,Ypsilanti,MI,,
422 N Hamilton St,1200,2.0,1.0,950.0,42.246925,-83.61689,Apartment,,,0,Midtown,,,Ypsilanti,MI,,
834 E Cross St,1350,2.0,1.0,1000.0,42.245735,-83.596687,Single Family,1955.0,,5,Miles/Garland,,,Ypsilanti,MI,,
114 W Michigan Ave,1380,1.0,1.0,700.0,42.241287,-83.613739,Apartment,,,0,Midtown,,,Ypsilanti,MI,,
436 S Washington St,2400,4.0,2.5,1120.0,42.234748,-83.614903,Single Family,1844.0,,0,Midtown,,,Ypsilanti,MI,,
1478 Kingwood St,2900,4.0,2.5,2081.0,42.25131,-83.636448,Single Family,1962.0,,4,Ypsilanti Charter Township,,,Ypsilanti,MI,,
115 College Pl,1100,1.0,1.0,477.0,42.242788,-83.622156,Apartment,1914.0,,0,Midtown,,,Ypsilanti,MI,,
238 N Summit St,917,0.0,1.0,,42.245144,-83.62441,Apartment,,,0,Midtown,,,Ypsilanti,MI,,
3520 Blue Heron Ct,6800,3.0,3.0,2243.0,42.321145,-83.607473,Single Family,2015.0,,6,Frain Lake,,,Ypsilanti,MI,,
2973 W Clark Rd,1324,1.0,1.0,720.0,42.259457,-83.653551,Apartment,1987.0,,1,Westlawn,,,Ypsilanti,MI,,
224 N Hewitt Rd,3200,4.0,1.5,1332.0,42.239983,-83.647305,Single Family,1937.0,,1,Westlawn,,,Ypsilanti,MI,,
1369 Andrea St,750,1.0,1.0,,42.227888,-83.573718,Single Family,,,2,Gault Village,,,Ypsilanti,MI,,
108 Normal St N,2400,5.0,2.0,1634.0,42.242659,-83.622851,Single Family,1870.0,,0,Midtown,,,Ypsilanti,MI,,
209 Oak St,1800,3.0,1.0,1104.0,42.248505,-83.606854,Single Family,1850.0,,5,Miles/Garland,,,Ypsilanti,MI,,
9663 Harbour Cove Ct,1900,2.0,1.5,988.0,42.203802,-83.568645,Condo,,,2,Gault Village,,,Ypsilanti,MI,,
211 N Adams St,925,0.0,1.0,400.0,42.244193,-83.616452,Apartment,,,0,Midtown,,,Ypsilanti,MI,,
5036 Bolla Rd,1400,1.0,1.0,576.0,42.157246,-83.657768,Apartment,,,3,Pittsfield Charter Township,,,Ypsilanti,MI,,
508 N Congress St,2000,4.0,2.0,,42.241245,-83.619507,Apartment,,,0,Midtown,,,Ypsilanti,MI,,
605 W Cross St,1245,2.0,1.0,,42.245482,-83.621088,Apartment,,,0,Midtown,,,Ypsilanti,MI,,
604 Pearl St,1195,2.0,1.0,800.0,42.242399,-83.620918,Apartment,,,0,Midtown,,,Ypsilanti,MI,,
513 Emmet St,1500,3.0,1.0,,42.244522,-83.620121,Apartment,,,0,Midtown,,,Ypsilanti,MI,,
415 Ballard St,1245,2.0,1.0,800.0,42.246557,-83.619579,Apartment,,,0,Midtown,,,Ypsilanti,MI,,
413 Ballard St,1300,2.0,1.0,,42.24642,-83.619576,Apartment,,,0,Midtown,,,Ypsilanti,MI,,
813 N Congress St,1425,3.0,1.0,,42.240795,-83.624303,Apartment,,,0,Midtown,,,Ypsilanti,MI,,
512 W Cross St,1550,3.0,1.0,,42.246035,-83.61997,Apartment,,,0,Midtown,,,Ypsilanti,MI,,
603 W Cross St,1300,3.0,1.0,,42.245498,-83.620907,Apartment,,,0,Midtown,,,Ypsilanti,MI,,
760 Jenness St,1295,2.0,1.0,975.0,42.251008,-83.617917,Apartment,,,4,Ypsilanti Charter Township,,,Ypsilanti,MI,,
120 Ballard St,1195,2.0,1.0,800.0,42.243211,-83.618919,Apartment,,,0,Midtown,,,Ypsilanti,MI,,
308 Jarvis St,1195,2.0,1.0,900.0,42.250596,-83.617799,Apartment,,,4,Ypsilanti Charter Township,,,Ypsilanti,MI,,
504 Saint John,1295,2.0,1.0,,42.251389,-83.619899,Apartment,,,4,Ypsilanti Charter Township,,,Ypsilanti,MI,,
514 Emmet St,1095,1.0,1.0,,42.244793,-83.620023,Apartment,,,0,Midtown,,,Ypsilanti,MI,,
55 Burbank Ave,1075,2.0,1.0,650.0,42.245956,-83.58593,Apartment,1962.0,,7,West Willow,,,Ypsilanti,MI,,
6244 Trumpeter Ln,2304,3.0,2.5,1450.0,42.198557,-83.698549,Apartment,2000.0,,3,Pittsfield Charter Township,,,Ypsilanti,MI,,
1616 Washtenaw Ave,3000,2.0,1.5,1006.0,42.247781,-83.638369,Condo,1967.0,,1,Westlawn,,,Ypsilanti,MI,,
701 Emmet St,1295,3.0,1.5,682.0,42.244661,-83.622226,Apartment,,,0,Midtown,,,Ypsilanti,MI,,
1266 Leforge Rd,1285,2.0,1.5,1125.0,42.25706,-83.62095,Apartment,1970.0,,4,Ypsilanti Charter Township,,,Ypsilanti,MI,,
400 Perrin St,995,1.0,1.0,600.0,42.245766,-83.620489,Apartment,,,0,Midtown,,,Ypsilanti,MI,,
945 W Clark Rd,1597,3.0,2.0,1134.0,42.259657,-83.627835,Apartment,2024.0,,4,Ypsilanti Charter Township,,,Ypsilanti,MI,,
213 N Hamilton St,795,0.0,1.0,400.0,42.244358,-83.617979,Apartment,,,0,Midtown,,,Ypsilanti,MI,,
2224 Touchdown Ct,1495,2.0,1.0,993.0,42.251908,-83.649254,Condo,2000.0,,1,Westlawn,,,Ypsilanti,MI,,
4800 W Clark Rd,1310,1.0,1.0,744.0,42.257725,-83.664368,Apartment,2025.0,,1,Westlawn,,,Ypsilanti,MI,,
1000 N Huron River Dr,1119,1.0,1.0,525.0,42.254695,-83.622765,Apartment,,,4,Ypsilanti Charter Township,,,Ypsilanti,MI,,
1993 Arbor Woods Blvd,1699,3.0,2.0,1286.0,42.271497,-83.574408,Single Family,,,7,West Willow,,,Ypsilanti,MI,,
2020 Arbor Cir E,1299,1.0,1.0,792.0,42.25767,-83.6669,Apartment,1997.0,,1,Westlawn,,,Ypsilanti,MI,,
329 Jarvis St,1045,1.0,1.0,,42.249869,-83.618702,Apartment,,,0,Midtown,,,Ypsilanti,MI,,
770 Oswego Ave,1700,3.0,1.5,1008.0,42.233295,-83.570611,Single Family,1960.0,,7,West Willow,,,Ypsilanti,MI,,
5825 Plum Hollow Dr,1299,1.0,1.0,618.0,42.204325,-83.693131,Apartment,1989.0,,3,Pittsfield Charter Township,,,Ypsilanti,MI,,
845 W Clark Rd,995,1.0,1.0,644.0,42.259472,-83.625267,Apartment,2024.0,,4,Ypsilanti Charter Township,,,Ypsilanti,MI,,
2835 Roundtree Blvd,1269,1.0,1.0,850.0,42.229238,-83.658448,Apartment,,,1,Westlawn,,,Ypsilanti,MI,,
405 N Harris Rd,925,1.0,1.0,690.0,42.246849,-83.584091,Apartment,,,7,West Willow,,,Ypsilanti,MI,,
422 N Hamilton St,995,1.0,1.0,510.0,42.246925,-83.61689,Apartment,,,0,Midtown,,,Ypsilanti,MI,,
9226 White Wing Dr,1949,2.0,2.0,1381.0,42.19662,-83.5799,Apartment,2018.0,,2,Gault Village,,,Ypsilanti,MI,,
208 W Michigan Ave,1700,3.0,2.5,5850.0,42.241299,-83.615005,Condo,1879.0,,0,Midtown,,,Ypsilanti,MI,,
2345 Woodridge Way,949,0.0,1.0,500.0,42.253417,-83.663624,Apartment,,,1,Westlawn,,,Ypsilanti,MI,,
2960 International Dr,899,1.0,1.0,550.0,42.253523,-83.6583,Apartment,1975.0,,1,Westlawn,,,Ypsilanti,MI,,
2911 Bynan Dr,1039,1.0,1.0,576.0,42.256983,-83.657967,Apartment,1974.0,,1,Westlawn,,,Ypsilanti,MI,,
133 W Michigan Ave,285,,,243.0,42.24078,-83.614311,Condo,,,0,Midtown,,,Ypsilanti,MI,,
133 W Michigan Ave,2355,,,2018.0,42.24078,-83.614311,Condo,,,0,Midtown,,,Ypsilanti,MI,,
701 Pearl St,1200,2.0,1.0,700.0,42.241867,-83.62191,Apartment,,,0,Midtown,,,Ypsilanti,MI,,
412 N Washington St,1100,2.0,1.0,,42.246376,-83.614372,Apartment,,,0,Midtown,,,Ypsilanti,MI,,
128 N Normal St,600,1.0,,155.0,42.243359,-83.622978,Apartment,,,0,Midtown,,,Ypsilanti,MI,,
208 N Hamilton St,805,0.0,,375.0,42.244045,-83.617241,Apartment,,,0,Midtown,,,Ypsilanti,MI,,
601 Emmet St,1650,3.0,2.0,1100.0,42.244543,-83.620717,Apartment,,,0,Midtown,,,Ypsilanti,MI,,
506 N Miami Ave,966,1.0,1.0,600.0,42.247581,-83.584029,Apartment,,,7,West Willow,,,Ypsilanti,MI,,
62 Harvey Pl,1045,2.0,1.0,692.0,42.2491838,-83.560263,Apartment,,,7,West Willow,,,Ypsilanti,MI,,
721 W Clark Rd,1000,2.0,1.5,1000.0,42.260224,-83.623079,Apartment,,,4,Ypsilanti Charter Township,,,Ypsilanti,MI,,
317 Ecorse Rd,750,,1.0,500.0,42.236641,-83.596275,Condo,,,5,Miles/Garland,,,Ypsilanti,MI,,
813 E Michigan Ave,280,,,210.0,42.24258,-83.597137,Condo,,,5,Miles/Garland,,,Ypsilanti,MI,,
721 W Clark Rd,945,2.0,1.0,860.0,42.260224,-83.623079,Apartment,,,4,Ypsilanti Charter Township,,,Ypsilanti,MI,,
813 E Michigan Ave,308,,,231.0,42.24258,-83.597137,Condo,,,5,Miles/Garland,,,Ypsilanti,MI,,
83 Harvey Pl,895,1.0,1.0,603.0,42.24993,-83.56077,Apartment,,,7,West Willow,,,Ypsilanti,MI,,
813 E Michigan Ave,767,,,575.0,42.24258,-83.597137,Condo,,,5,Miles/Garland,,,Ypsilanti,MI,,
133 W Michigan Ave,345,,,294.0,42.24078,-83.614311,Condo,,,0,Midtown,,,Ypsilanti,MI,,
133 W Michigan Ave,360,,,308.0,42.24078,-83.614311,Condo,,,0,Midtown,,,Ypsilanti,MI,,
317 Ecorse Rd,750,,1.0,650.0,42.236641,-83.596275,Condo,,,5,Miles/Garland,,,Ypsilanti,MI,,
415 Villa Dr,1250,2.0,1.0,870.0,42.25848,-83.61857,Apartment,,,4,Ypsilanti Charter Township,,,Ypsilanti,MI,,
369 1st Ave,1100,2.0,1.0,640.0,42.235514,-83.625448,Apartment,,,0,Midtown,,,Ypsilanti,MI,,
813 E Michigan Ave,277,,,208.0,42.24258,-83.597137,Condo,,,5,Miles/Garland,,,Ypsilanti,MI,,
105 Pearl St,3033,,,2600.0,42.242122,-83.613444,Condo,,,0,Midtown,,,Ypsilanti,MI,,
874 S Grove Rd,995,,1.0,450.0,42.22547,-83.59643,Condo,,,5,Miles/Garland,,,Ypsilanti,MI,,
416 Villa Dr,1350,2.0,1.0,870.0,42.25876,-83.61868,Apartment,,,4,Ypsilanti Charter Township,,,Ypsilanti,MI,,
720 Green Rd,880,1.0,1.0,657.0,42.258881,-83.623024,Apartment,,,4,Ypsilanti Charter Township,,,Ypsilanti,MI,,
501 Washtenaw Rd,525,1.0,,,42.243435,-83.619392,Apartment,,,0,Midtown,,,Ypsilanti,MI,,
609 Villa Dr,1350,2.0,1.0,870.0,42.2586,-83.62096,Apartment,,,4,Ypsilanti Charter Township,,,Ypsilanti,MI,,
551 Villa Dr,1100,1.0,1.0,700.0,42.25815,-83.62023,Apartment,,,4,Ypsilanti Charter Township,,,Ypsilanti,MI,,
813 E Michigan Ave,420,,,315.0,42.24258,-83.597137,Condo,,,5,Miles/Garland,,,Ypsilanti,MI,,
573 Villa Dr,1250,2.0,1.0,870.0,42.258621,-83.620699,Apartment,,,4,Ypsilanti Charter Township,,,Ypsilanti,MI,,
1305 S Congress St,1250,2.0,1.0,800.0,42.238815,-83.635986,Apartment,,,0,Midtown,,,Ypsilanti,MI,,
653 Villa Dr,1250,2.0,1.0,870.0,42.25794,-83.62098,Apartment,,,4,Ypsilanti Charter Township,,,Ypsilanti,MI,,
317 Ecorse Rd,700,,1.0,425.0,42.236641,-83.596275,Condo,,,5,Miles/Garland,,,Ypsilanti,MI,,
133 W Michigan Ave,495,,,425.0,42.24078,-83.614311,Condo,,,0,Midtown,,,Ypsilanti,MI,,
417 Pearl St,995,1.0,1.0,525.0,42.241966,-83.618698,Apartment,,,0,Midtown,,,Ypsilanti,MI,,
15 N Hamilton St,850,0.0,1.0,226.0,42.241836,-83.617877,Apartment,,,0,Midtown,,,Ypsilanti,MI,,
208 N Prospect Rd,1200,2.0,1.0,,42.243244,-83.601913,Apartment,,,5,Miles/Garland,,,Ypsilanti,MI,,
429 N Adams St,895,0.0,1.0,400.0,42.247265,-83.616425,Apartment,,,0,Midtown,,,Ypsilanti,MI,,
317 Ecorse Rd,650,,1.0,480.0,42.236641,-83.596275,Condo,,,5,Miles/Garland,,,Ypsilanti,MI,,
204 S Hamilton St,895,1.0,1.0,437.0,42.238205,-83.617958,Apartment,,,0,Midtown,,,Ypsilanti,MI,,
409 S Huron St,850,1.0,1.0,374.0,42.23579,-83.612999,Apartment,,,0,Midtown,,,Ypsilanti,MI,,
7274 Rachel Dr,4950,4.0,2.5,1746.0,42.179433,-83.614777,Single Family,,,2,Gault Village,,,Ypsilanti,MI,,
412 N Washington St,1535,3.0,1.0,,42.246366,-83.614332,Apartment,,,0,Midtown,,,Ypsilanti,MI,,
506 N Miami Ave,950,1.0,1.0,600.0,42.247726,-83.584068,Apartment,,,7,West Willow,,,Ypsilanti,MI,,
209 Buffalo St,2850,4.0,2.5,1995.0,42.236149,-83.615206,Single Family,,,0,Midtown,,,Ypsilanti,MI,,
417 Pearl St,1140,2.0,1.0,680.0,42.241966,-83.618698,Apartment,,,0,Midtown,,,Ypsilanti,MI,,
409 S Huron St,1100,2.0,1.0,525.0,42.23579,-83.612999,Apartment,,,0,Midtown,,,Ypsilanti,MI,,
25 N Washington St,2000,,2.0,1440.0,42.241936,-83.614822,Condo,,,0,Midtown,,,Ypsilanti,MI,,
25 N Washington St,2000,,,1440.0,42.241936,-83.614822,Condo,,,0,Midtown,,,Ypsilanti,MI,,
701 Pearl St,1100,2.0,1.0,450.0,42.241867,-83.62191,Apartment,,,0,Midtown,,,Ypsilanti,MI,,
109 Cherry Ct,975,1.0,1.0,,42.250614,-83.607727,Apartment,,,5,Miles/Garland,,,Ypsilanti,MI,,
126 College Pl,1500,3.0,1.0,,42.243347,-83.621613,Apartment,,,0,Midtown,,,Ypsilanti,MI,,
677 Villa Dr,1015,1.0,1.0,645.0,42.25847,-83.62117,Apartment,,,4,Ypsilanti Charter Township,,,Ypsilanti,MI,,
1017 Washtenaw Ave,1100,3.0,1.0,888.0,42.246204,-83.63018,Apartment,,,0,Midtown,,,Ypsilanti,MI,,
113 E Cross St,845,0.0,1.0,,42.246414,-83.607658,Apartment,,,5,Miles/Garland,,,Ypsilanti,MI,,
1305 S Congress St,1200,2.0,1.0,800.0,42.238815,-83.635986,Apartment,,,0,Midtown,,,Ypsilanti,MI,,
68 Harvey Pl,1045,2.0,1.0,692.0,42.249393,-83.560228,Apartment,,,7,West Willow,,,Ypsilanti,MI,,
429 N Adams St,1300,2.0,1.0,1383.0,42.247245,-83.616506,Apartment,,,0,Midtown,,,Ypsilanti,MI,,
53 Harvey Pl,895,1.0,1.0,603.0,42.2509,-83.56045,Apartment,,,7,West Willow,,,Ypsilanti,MI,,
513 Pearl St,550,1.0,,,42.241814,-83.620293,Apartment,,,0,Midtown,,,Ypsilanti,MI,,
538 Villa Dr,1015,1.0,1.0,645.0,42.259555,-83.62055,Apartment,,,4,Ypsilanti Charter Township,,,Ypsilanti,MI,,
109 Cherry Ct,975,1.0,1.0,419.0,42.250614,-83.607727,Apartment,,,5,Miles/Garland,,,Ypsilanti,MI,,
530 Villa Dr,1350,2.0,1.0,870.0,42.2595484,-83.6205781,Apartment,,,4,Ypsilanti Charter Township,,,Ypsilanti,MI,,
804 W Michigan Ave,1050,1.0,1.0,650.0,42.238796,-83.623726,Apartment,,,0,Midtown,,,Ypsilanti,MI,,
113 E Cross St,795,0.0,1.0,240.0,42.246227,-83.607632,Apartment,,,5,Miles/Garland,,,Ypsilanti,MI,,
67 Harvey Pl,895,1.0,1.0,603.0,42.249335,-83.560589,Apartment,,,7,West Willow,,,Ypsilanti,MI,,
133 W Michigan Ave,430,,,368.0,42.24078,-83.614311,Condo,,,0,Midtown,,,Ypsilanti,MI,,
421 Emmet St,1520,3.0,2.0,676.0,42.244517,-83.61881,Apartment,,,0,Midtown,,,Ypsilanti,MI,,
208 N Prospect Rd,1200,2.0,1.0,750.0,42.243244,-83.601913,Apartment,,,5,Miles/Garland,,,Ypsilanti,MI,,
224 S Adams St,1450,2.0,1.0,925.0,42.23761,-83.616287,Apartment,,,0,Midtown,,,Ypsilanti,MI,,
528 Villa Dr,1250,2.0,1.0,870.0,42.2595497,-83.6205532,Apartment,,,4,Ypsilanti Charter Township,,,Ypsilanti,MI,,
1000 Hunter Ave,1695,3.0,1.0,864.0,42.254823,-83.581674,Single Family,,,7,West Willow,,,Ypsilanti,MI,,
4838 E Sycamore Dr,2950,4.0,2.5,2602.0,42.207742,-83.661982,Single Family,1999.0,,3,Pittsfield Charter Township,,,Ypsilanti,MI,,
811 Washtenaw Rd,1100,1.0,1.0,,42.244928,-83.624116,Apartment,1890.0,,0,Midtown,,,Ypsilanti,MI,,
304 Perrin St,1400,3.0,1.5,,42.245177,-83.620324,Apartment,,,0,Midtown,,,Ypsilanti,MI,,
813 E Michigan Ave,1045,,1.0,570.0,42.24258,-83.597137,Condo,,,5,Miles/Garland,,,Ypsilanti,MI,,
532 Villa Dr,1350,2.0,1.0,870.0,42.259562,-83.620379,Apartment,,,4,Ypsilanti Charter Township,,,Ypsilanti,MI,,
1305 S Congress St,1300,2.0,1.0,800.0,42.238815,-83.635986,Apartment,,,0,Midtown,,,Ypsilanti,MI,,
208 N Hamilton St,730,0.0,,300.0,42.244045,-83.617241,Apartment,,,0,Midtown,,,Ypsilanti,MI,,
1305 S Congress St,1300,2.0,1.0,800.0,42.238815,-83.635986,Apartment,,,0,Midtown,,,Ypsilanti,MI,,
542 Villa Dr,1015,1.0,1.0,645.0,42.2595402,-83.6207277,Apartment,,,4,Ypsilanti Charter Township,,,Ypsilanti,MI,,
317 Ecorse Rd,700,,,380.0,42.236641,-83.596275,Condo,,,5,Miles/Garland,,,Ypsilanti,MI,,
2372 Quarterback Ct,1600,2.0,1.0,1000.0,42.251906,-83.650773,Single Family,,,1,Westlawn,,,Ypsilanti,MI,,
125 N Normal St,1700,3.0,1.0,1113.0,42.243286,-83.623566,Apartment,,,0,Midtown,,,Ypsilanti,MI,,
513 Pearl St,935,1.0,1.0,367.0,42.241814,-83.620293,Apartment,,,0,Midtown,,,Ypsilanti,MI,,
813 E Michigan Ave,420,,,315.0,42.24258,-83.597137,Condo,,,5,Miles/Garland,,,Ypsilanti,MI,,
220 N Hamilton St,1235,3.0,1.0,626.0,42.244596,-83.617104,Apartment,,,0,Midtown,,,Ypsilanti,MI,,
813 E Michigan Ave,925,,1.0,570.0,42.24258,-83.597137,Condo,,,5,Miles/Garland,,,Ypsilanti,MI,,
655 Villa Dr,1250,2.0,1.0,870.0,42.258046,-83.621225,Apartment,,,4,Ypsilanti Charter Township,,,Ypsilanti,MI,,
498 1st Ave,1450,3.0,2.0,1484.0,42.232401,-83.626158,Single Family,,,0,Midtown,,,Ypsilanti,MI,,
515 N Congress St,995,1.0,1.0,,42.240793,-83.620128,Apartment,,,0,Midtown,,,Ypsilanti,MI,,
813 E Michigan Ave,979,,,734.0,42.24258,-83.597137,Condo,,,5,Miles/Garland,,,Ypsilanti,MI,,
57 Harvey Pl,895,1.0,1.0,603.0,42.249408,-83.559947,Apartment,,,7,West Willow,,,Ypsilanti,MI,,
470 Hawkins St,1600,3.0,1.0,1500.0,42.233796,-83.621935,Apartment,,,0,Midtown,,,Ypsilanti,MI,,
317 Ecorse Rd,1100,,1.0,1000.0,42.236641,-83.596275,Condo,,,5,Miles/Garland,,,Ypsilanti,MI,,
513 Pearl St,1560,3.0,1.0,1050.0,42.241814,-83.620293,Apartment,,,0,Midtown,,,Ypsilanti,MI,,
923 W Cross St,2200,4.0,1.5,,42.245295,-83.626865,Single Family,,,0,Midtown,,,Ypsilanti,MI,,
407 Washtenaw Ave,750,3.0,1.0,900.0,42.243446,-83.618042,Apartment,,,0,Midtown,,,Ypsilanti,MI,,
407 Washtenaw Ave,798,2.0,1.0,900.0,42.243446,-83.618042,Apartment,,,0,Midtown,,,Ypsilanti,MI,,
5864 Willow Ridge Dr,2750,3.0,2.5,2000.0,42.203168,-83.678892,Single Family,2004.0,,3,Pittsfield Charter Township,,,Ypsilanti,MI,,
